name,match_status
D.M. Aderibigbe,no_results
Claire Lacey,low_confidence
Jimmy McInnes,low_confidence
Karen Correia Da Silva,no_results
Jayme Russell,no_results
Momina Mela,no_results
Albert Abonado,no_results
Charlie Cote,no_results
Charlotte Abotsi,no_results
Muggs Fogarty,no_results
Harold Abramowitz,no_results
J.P. Dancing Bear,no_results
Alejandro Miguel Justino Crawford,no_results
Sophia Le Fraga,no_results
Angela Genusa,no_results
Rauan Klassnik,no_results
Nate Maxson,no_results
Holly Melgard,no_results
Joseph Mosconi,no_results
Mathew Timmons,no_results
Joey Yearous-Algozin,no_results
Steven Zultanski,no_results
Jasmine Gibson,no_results
Anne Gorrick,no_results
Aurelia Guo,no_results
Gage Ledbetter,no_results
Matt Margo,no_results
Saretta Morgan,no_results
MT Niagara,no_results
N.H. Pritchard,no_results
Matthew Henriksen,no_results
Marni Ludwig,no_results
Alexis Pope,no_results
Lydia Hounat,no_results
Shaindel Beers,no_results
Kris Bigalk,no_results
Erika Jo Brown,no_results
Emily Cullen,no_results
Kendra DeColo,no_results
Mary Stone Dockery,no_results
Stevie Edwards,no_results
Sarah Freligh,no_results
Timothy Gager,no_results
Tom C. Hunley,no_results
Emily Rose Kahn-Sheahan,no_results
Sophie Klahr,no_results
Tracey Knapp,no_results
Amy Lemmon,no_results
Ada Limon,low_confidence
Andrew McFadyen-Ketchum,no_results
Leslie Anne McIlroy,no_results
Helen Vitoria,no_results
Michael A Wells,no_results
Dot Devota,no_results
Stephanie Ford,low_confidence
Iskandar Hibache,no_results
Roger Bonair Agard,low_confidence
Brian Omni Dillon,no_results
Owen Labrie,no_results
Trent Mays,no_results
Chris Edgoose,no_results
Rishika Aggarwal,no_results
Rachana Hegde,no_results
Lana Hechtman Ayers,no_results
Maggie Smith Beehler,no_results
Margo Berdeshevsky,no_results
Nancy Canyon,no_results
Rachel Dacus,no_results
Jeanine Hall Gailey,no_results
Sandra Marchetti,low_confidence
Sheila Sanderson,no_results
Monica Schley,no_results
Michael Schmeltzer,no_results
Martha Silano,no_results
Annette Spaulding-Convy,no_results
Laura Grace Weldon,no_results
Cecilia Wolloch,no_results
Liz Ahl,no_results
Joseph Mains,no_results
Annmarie OConnell,no_results
R. Flowers Rivera,no_results
Margaret Bashaar,no_results
Susan Aizenberg,no_results
Justin Boening,no_results
Rachel Custer,no_results
Jayy Dodd,no_results
Andrew Hemmert,no_results
Nicole Rollender,no_results
Nomi Stone,no_results
Fritz Ward,no_results
Cecilia Llompart,no_results
James Loop,no_results
Gala Mukomolova,no_results
Gillian Prew,no_results
K. C. Trommer,no_results
Sascha Aurora Akhtar,no_results
Chris Hamilton-emery,no_results
Jane Jortiz-Nakagawa,no_results
Christine Garren,no_results
Gary Leising,no_results
Shanna Alden,no_results
J. Gordon Faylor,no_results
Gwendolyn Bennett,low_confidence
Alice Dunbar-Nelson,low_confidence
Gladys May Casely Hayford,low_confidence
Sarah Jean Alexander,no_results
Mary Boo Anderson,no_results
Carmen E. Brady,no_results
Carolyn DeCarlo,no_results
Bob Schofield,low_confidence
Marcella Durand,no_results
Lara Durback,no_results
Douglas Piccinnini,no_results
Karen Finneyfrock,no_results
Vivian Faith Prescott,no_results
Mike Vial,no_results
Benjamin Alfaro,no_results
Carlina Duan,no_results
Kate Angus,no_results
Devanshi Khetarpal,no_results
Adeeba Talukder,no_results
Genine Lentine,no_results
Yvonne C. Murphy,no_results
Mike Lala,no_results
Surazeus,no_results
Marcia Arrieta,no_results
Garin Cycholl,no_results
T.A. Noonan,no_results
Tim Yu,low_confidence
Stephen Lackaye,no_results
Austin Segrest,no_results
Matthew Buckley Smith,no_results
Ace Boggess,no_results
Shane Allison,no_results
Jeffery Berg,no_results
Toby Altman,no_results
Mel Bentley,no_results
Emily Brandt,no_results
John James (US),no_results
Cori Crooks,no_results
Didi Menendez,no_results
Nic Sebastian,no_results
Jen Tynes,no_results
JeFF Stumpo,no_results
Sean Bishop,low_confidence
Chuck Carlise,no_results
Eric Ekstrand,no_results
Paul Killebrew,no_results
Keith Kopka,no_results
Robert Ostrom,no_results
GC Waldrep,no_results
Ronaldo Wilson,no_results
Tara Skurtu,no_results
Derek J. G. Williams,no_results
Yehoshua November,no_results
Brandon Amico,no_results
Eric Amling,no_results
Alan Felsenthal,no_results
John Isles,no_results
Erin Anastasia,no_results
Beck Cooper,no_results
Cassandra Myers,no_results
Robin F. Brox,no_results
Abraham Lincoln Gillespie,no_results
Connor Dooley,no_results
Ian Khadan,no_results
E. Kristin Anderson,no_results
Lisa Eve Cheby,no_results
Scott Edward Anderson,no_results
Therese Bachand,no_results
Hanna Andrews,no_results
Michelle Detorie,no_results
Brenda Sieczkowski,no_results
Nin Andrews,no_results
Pris Campbell,no_results
Reb Livingston,no_results
Bud Backen,no_results
Jason Baldinger,no_results
Rusty Barnes,no_results
Paul Brookes,low_confidence
Red Focks,no_results
Mark Hartenbach,no_results
Michael McInnes,no_results
Carter Monroe,no_results
Kurt Nimmo,no_results
Bart Solarczyk,no_results
Belinda Subraman,no_results
Cheryl A. Townsend,no_results
James Valvis,no_results
Dizzy Willow,no_results
Arlene Ang,no_results
Susan Slaviero,no_results
Tyler Brewington,no_results
Laurin DeChae,no_results
Giana Angellilo,no_results
Nicola Blank,no_results
RJ Jeffreys,no_results
Maj Ragain,no_results
Roselle Angwin,no_results
Abayomi Animashaun,no_results
Kenyatta JP Garcia,no_results
Ira Lightman,no_results
Douglass Rothschild,no_results
Lauren Haldeman,no_results
Ben Kopel,no_results
Seichi Niikuni,no_results
Montana Ray,low_confidence
Stan Apps,no_results
Meaghan Ford,no_results
Nicole Homer,no_results
Shanny Jean Maney,no_results
Shappy Seasholtz,no_results
Thadra Sheridan,no_results
Robbie Q. Telfer,no_results
Anthony Madrid,no_results
Azia Archer,no_results
C.M. Keehl,no_results
Ashley Mares,no_results
Annette Marie Hyder,no_results
Brian S. Ellis,no_results
Shira Erlichman,no_results
Carrie Rudzinski,no_results
Danny Solis,no_results
Maureen Alsop,no_results
C. Dylan Bassett,no_results
Paula Cisewski,no_results
Emily Hunt,low_confidence
Robert Kocik,no_results
Chris McCreary,no_results
Anna Reckin,no_results
Margot Armbruster,no_results
Brent Armendinger,no_results
Genevieve Kaplan,no_results
Rebecca Lindenberg,no_results
Amy Beeder,no_results
Colette Arrand,no_results
Melissa Ginsburg,no_results
Anthony Frame,no_results
Catch Drake,no_results
Ramona Herdman,no_results
Sundra Lawrence,no_results
Mel Pryor,no_results
Meghan Privitello,no_results
Jacqui Germain,no_results
Victor Infante,low_confidence
Raych Jackson,no_results
Mindy Nettifee,no_results
Beyza Ozer,no_results
Sanam Sheriff,no_results
Raena Shirali,no_results
Talin Tahajian,no_results
Vanessa Villarreal,no_results
Joe Dresner,low_confidence
Ronald J. Goba,no_results
Ben Hickman,no_results
Brett Fletcher Lauer,no_results
Douglas Luman,no_results
Randy Prunty,no_results
Ashley Toliver,no_results
Răzvan Ţupa,low_confidence
Wendy S. Walters,no_results
Elisabeth Workman,no_results
Amber Atiya,no_results
Bee Kapri,no_results
Charleen McClure,no_results
Piero Heliczer,low_confidence
Jefferson Toal,no_results
Sue Goyette,low_confidence
Dena Rash Guzman,no_results
Iwabw,no_results
Mary McMyne,no_results
K.I. Press,no_results
Dimitra Xidous,no_results
Andre Bagoo,no_results
Faraz Maqsood Hamidi,no_results
Ashley Anna McHugh,no_results
Eric Thomas Norris,no_results
Ashley August,low_confidence
Aaron Kent,low_confidence
Rico Craig,no_results
Suzi F. Garcia,no_results
Yanyi Luo,no_results
Jacques J. Rancourt,no_results
A. H. Jerriod Avant,no_results
Quique Aviles,no_results
Silvana Straw,no_results
Ruth Awad,no_results
Shinjini Bhattacharjee,no_results
Cam Awkward-Rich,no_results
Jelal Huyler,no_results
Atukwai Okai,no_results
Crispin Best,no_results
Gary Turk,no_results
Karl M. V. Waugh,no_results
Ashley-Elizabeth Best,no_results
Jeff Latosik,no_results
Cassidy McFadzean,no_results
Suzannah Showler,no_results
Alice Anderson,low_confidence
Xanath Caraza,no_results
Viva Flores,no_results
Jeannie Marie Beaumont,no_results
Standard Shaeffer,no_results
Darren Bifford,no_results
Sheryda Warrener,no_results
Farrah Field,no_results
Eleanor Hooker,no_results
Maxim Backer,no_results
Abbie J. Leavens,no_results
Eugene Ionesco,low_confidence
Mahnaz Badihian,no_results
Corrina Bain,no_results
Donte Collins,no_results
Julia Gaskill,no_results
Katia Kozachok,no_results
Stephanie Lane Sutton,no_results
Andrea Baker,low_confidence
Matthew Hendriksen,no_results
Katherine L. Pringle,no_results
Claire Caldwell,no_results
Chris Pannell,no_results
Page Hill Starzinger,no_results
Tim Ledwitch,no_results
Scott Silsbee,no_results
Stacey Balkun,no_results
Diana Smith Bolton,no_results
Kristin Latour,no_results
William Neumire,no_results
Matvei Yankelevich,no_results
Kathryn Mockler,no_results
Sean Nevin,no_results
Jennifer H. Fortin,no_results
Melissa Cundieff Pexa,no_results
Rosalie Moffett,no_results
Amanda Oaks,no_results
Hadara Bar-Nadav,no_results
Annah Browning,no_results
Jennifer Moore,low_confidence
Danielle Susi,no_results
Edward Dorn,low_confidence
Alysia Harris,no_results
Joel Lewis,low_confidence
Simon Schuchat,no_results
Adèle Barclay,no_results
Tara-Michelle Ziniuk,no_results
Diamond Sharp,no_results
Jayson Smith,no_results
Michele Seminara,no_results
Anne Barngrover,no_results
Lucien Darjeun Meadows,no_results
Paul Otremba,no_results
Charlene Ashley Taylor,no_results
Peter Baroth,no_results
Charlie O'Hay,no_results
Valerie Wetlaufer,no_results
Jason Bradford,low_confidence
Jenn Blair,no_results
Kelly Boyker,no_results
Lauren Eggert-Crowe,no_results
Fox Frazier-Foley,no_results
Jennifer Hanks,no_results
Daniel M. Shapiro,no_results
Susan Yount,low_confidence
Suchoon Mo,no_results
E.E. Nobbs,no_results
Lisa A. Flowers,no_results
Katie Longofono,no_results
Jennifer Pilch,no_results
Robin Estrin,no_results
Karen Harryman,no_results
Rachel Heimowitz,no_results
Alison Luterman,no_results
Nancy Pagh,no_results
Bethany Reid,no_results
Elizabeth Scanlon,no_results
Martin Corless-Smith,no_results
Dan Hoy,low_confidence
Micah Bateman,no_results
Terry L. Kennedy,no_results
Michele Battiste,no_results
Kierstin Bridger,no_results
Yerra Sugarman,no_results
Marcela Sulak,no_results
Ana Bozicevic,low_confidence
Peter Carlaftes,no_results
Law Alsobrook,no_results
Robert Swereda,no_results
Will Giles,no_results
Michael Bazzett,no_results
Sarah V. Schweig,no_results
Felix Feneon,low_confidence
Jodi Johnson,low_confidence
Fiona Chamness,no_results
Billy Bob Beamer,no_results
Roberta Beary,no_results
Lenea Grace,no_results
Penney Knightly,no_results
Rachel Mennies,no_results
Sarah Sousa,no_results
Jennifer Jackson Berry,no_results
Celeste Gainey,no_results
RJ Gibson,no_results
Jacob Victorine,no_results
Eric Darby,no_results
Dawn Gabriel,no_results
Nico Vassilakis,no_results
Crystal Curry,no_results
Sarah Gridley,no_results
Rebecca Loudon,no_results
Polly Bee,no_results
Elly Finzer,no_results
Sally Rosen Kindred,no_results
Lindsay Tigue,no_results
Hannah Warren,low_confidence
Carol Ciavonne,no_results
John A. Nieves,no_results
Tara Mae Mulroy,no_results
Leanne Simpson,low_confidence
Lisa Alden,low_confidence
Yasmin Belkhyr,no_results
Brianna Albers,no_results
Julia Falkner,no_results
Elizabeth Ribar,no_results
Elena Senechal-Becker,no_results
Shakthi Shrima,no_results
Chad Abushanab,no_results
Molly Tenenbaum,no_results
Josephine Corcoran,no_results
Erica Bernheim,no_results
Matthew Guenette,no_results
Katrine Øgaard Jensen,no_results
Mark Leidner,no_results
P J Kavanagh,no_results
Dan Coffey,no_results
Leslie Contreras Schwartz,no_results
Oliver Bendorf,no_results
T. C. Tolbert,no_results
Wassily Kandinsky,low_confidence
Kataalyst Alcindor,no_results
Mckendy Fils-Aime,no_results
Sonja Greckol,no_results
Malene Engelund,no_results
Sally Flint,low_confidence
Berry Grass,no_results
Christopher Schaeffer,no_results
Stella Beratlis,no_results
Gillian Wegener,no_results
Matthew Reed Corey,no_results
Olivia Cronk,no_results
Sara Eliza Johnson,no_results
John Moore Williams,no_results
Maggie Woodward,low_confidence
Danny Snelson,no_results
Yana Calou,no_results
Leila Ortiz,no_results
Andy McGuire,low_confidence
Jasper Bernes,no_results
Deborah Bernhardt,no_results
Morgan Lucas Schuldt,no_results
Nick Twemlow,no_results
Caleb Kaiser,no_results
Cornelia Barber,no_results
Jim Behrle,no_results
Erica Kaufman,no_results
Matt Longabucco,no_results
Brendan Lorber,no_results
Carrie Lorig,no_results
Buck Downs,no_results
Gary Lenhart,no_results
Paige Taggart,no_results
Natalya Anderson,no_results
Mick Cormack,no_results
James Giddings,low_confidence
Katharine Kilalea,no_results
Michael Naghten Shanks,no_results
Zelda Chappel,no_results
Erin Fornoff,no_results
Mary Noonan,no_results
J. Scott Brownlee,no_results
Drew Dellinger,no_results
Sean Patrick Hill,no_results
Annie Mountcastle,no_results
Aaron Anstett,no_results
C. L. Bledsoe,no_results
Ian Bodkin,no_results
Lee Busby,low_confidence
W. F. Lantry,no_results
Tony Leuzzi,no_results
Andrew Nance,no_results
G.M. Palmer,no_results
Thel Seraphim,no_results
Brian Trimboli,no_results
William Keckler,no_results
Heidi Reszies,no_results
Nicole Stefanko,low_confidence
Gaia Thomas,no_results
Danielle Vogel,low_confidence
Tamara Miles,no_results
S.E. Smith,no_results
Jen Hyde,no_results
Jay Besemer,no_results
Daniela Elza,no_results
B. J. Best,no_results
Theron Jacobs,no_results
Mallory Smart,no_results
Kimmy Walters,no_results
Maura Alia Badji,no_results
Lea Deschenes,no_results
Kelli Allen,low_confidence
Lisa Hiton,no_results
Michael Homolka,no_results
Paul Koniecki,no_results
Dan Kraines,no_results
Meg Eden,no_results
Suzanne Frischkorn,no_results
Terry Godbey,no_results
Rochelle Hurt,no_results
Sophia Kartsonis,no_results
L.S. Klatt,no_results
Robert Miltner,low_confidence
Blueberry Morningsnow,no_results
Lana Rakhman,no_results
Nick Sturm,no_results
Brittany Billmeyer-Finn,no_results
Tim Siebles,no_results
Anna Binkovitz,no_results
Dylan Garity,no_results
Ellyn Touchette,no_results
J. V. Birch,no_results
Karen Dennison,no_results
Rachael Allen,low_confidence
Annette C. Boehm,no_results
Callista Buchen,no_results
Jeremiah Childers,no_results
Larry O. Dean,no_results
Maggie Dietz,no_results
Mark Fiddes,no_results
Andres Rojas,low_confidence
Michael Shewmaker,no_results
Laura Eve Engel,no_results
Nick Lantz,no_results
Glenn Shaheen,no_results
Mikey Swanberg,no_results
Timothy Daniel Welch,no_results
Santee Frazier,no_results
John Hoppenthaler,no_results
Sarah Vap,no_results
Orlando White,no_results
Heather Altfeld,no_results
Jessica Piazza,no_results
Rebecca Gethin,low_confidence
Kimberly Blaeser,no_results
Curtis X. Meyer,no_results
Matthew David Campbell,no_results
Peter Mishler,no_results
Bethany W Pope,no_results
Nathan Blansett,no_results
Tracy Dimond,no_results
Eleanor Levine,no_results
Jo McDougall,no_results
C.D. Wright,low_confidence
Rodney Jones,low_confidence
Christine Kanownik,no_results
Jennifer Nelson,low_confidence
David Blumenshine,no_results
Dave Harrity,no_results
Ron Paul Salutsky,no_results
Yemi Soneye,no_results
Sam Boarer,no_results
D.J. Dolack,no_results
Don Bogen,no_results
John Casteen,low_confidence
James Croal Jackson,no_results
Karen Craigo,no_results
Jesse Seldess,no_results
Moyà Cannon,low_confidence
Carey Toane,no_results
H.L. Hix,no_results
Will Rowe,low_confidence
Dave Bonta,no_results
Beau Beausoleil,no_results
Loretta Collins Klobah,no_results
Jemma Borg,no_results
Meryl Pugh,no_results
Luke Hankins,no_results
Austin Gray,low_confidence
Peter LaBerge,no_results
Stephen S. Mills,no_results
Sean Patrick Mulroy,no_results
Seth Pennington,no_results
C. Russell Price,no_results
Brenda Iijima,no_results
Carolyn Guinzio,no_results
Collier Nogues,no_results
Ash Bowen,no_results
Grant Clauser,no_results
James Davis May,no_results
Travis Mossotti,no_results
Adam Vines,no_results
Ben Friedlander,no_results
Kimberly Lyons,no_results
Susana Gardner,no_results
Sarah Boulton,low_confidence
Ulijona Odišarija,no_results
Kristy Bowen,no_results
Genevieve Jencson,no_results
Sandy Longhorn,no_results
Yesenia Motilla,no_results
Susan Briante,no_results
Melissa Buzzeo,no_results
Lily Duffy,no_results
Cassandra Gillig,no_results
Guillermo Parra,no_results
Allyson Paty,no_results
Carlos Soto Roman,low_confidence
Stephen Boyer,low_confidence
Dia Felix,no_results
Dan Boehl,no_results
Kazumi Chin,no_results
Shane Jesse Christmass,no_results
Dan Magers,no_results
Alessandra Brava,no_results
Eirean Bradley,no_results
Wil Gibson,no_results
The Klute,no_results
Robert Lashley,no_results
Jeremy Radin,no_results
R. J. Walker,low_confidence
Joe XO,no_results
Amie Zimmerman,no_results
Lauren Zuniga,no_results
Ian Heames,no_results
Marita Dachsel,no_results
Russell Jaffe,no_results
Christopher Eady,no_results
Chialun Chang,no_results
Cat Richardson,no_results
Matt L. Rohrer,no_results
April Michelle Bratten,no_results
Iris Appelquist,no_results
Natalie Easton,no_results
Kate Garrett,no_results
Rhiannon Thorne,no_results
Sarah Q. Morgan,no_results
Joshua Butts,no_results
Jennifer MacBain-Stephens,no_results
Janette Plummer,no_results
Bronwen Brenner,no_results
Daniel Blokh,no_results
Lyrik Courtney,no_results
Melissa Hinckley,no_results
Anika Prakash,no_results
Tara Brenner,no_results
Cheryl Maddalena,no_results
Steve Brightman,no_results
Lacie Clark,no_results
Emily Corwin,no_results
Carolina Ebeid,no_results
Jennifer Lynn Krohn,no_results
Carly Joy Miller,no_results
Taryn Schwilling,no_results
David James Brock,no_results
Daniel Tysdal,no_results
Don Boes,no_results
Jesse Millner,no_results
Rob Maclennan,low_confidence
Anais Duplan,low_confidence
Becca Klaver,no_results
Brian Brodeur,no_results
Akilah Oliver,no_results
Leah Umansky,no_results
June Beshea,no_results
Airea Matthews,no_results
Casey Rocheteau,no_results
Wesley Rothman,no_results
Jenny Sadre-Orafai,no_results
Artress Bethany White,no_results
Carolyn Beard Whitlow,no_results
Ronnie K. Stephens,no_results
Susan Landers,no_results
Torrin Greathouse,no_results
"Dan ""Sully"" Sullivan",no_results
Ellen Dore Watson,low_confidence
Mehul Bhagat,no_results
Hafizah Geter,no_results
Rigoberto Gonzalez,low_confidence
James Allen Hall,no_results
Nkosi Nkululeko,no_results
Gia Shakur,no_results
Marvin K. White,no_results
Susie Timmons,no_results
Julie Doxsee,no_results
Gabriella Klein,no_results
Shannon Tharp,no_results
Molly McCully Brown,no_results
Allison Seay,no_results
Caki Wilkinson,no_results
Denise Jolly,no_results
Matthew Klane,no_results
Daniel Poppick,no_results
Lauren Shapiro,low_confidence
Karen Garrabrant,no_results
Sou Macmillan,no_results
Ellyn Maybe,no_results
Ryk McIntyre,no_results
Zakia Henderson Brown,no_results
Christina Olivares,no_results
Greg Brownderville,no_results
Nick McRae,no_results
Meg Cowen,no_results
Mahogany Browne,no_results
Crystal Valentine,no_results
Kony Sandusky,no_results
Derrick Mund,no_results
Vanessa Gabb,no_results
Nava Fader,no_results
Ruby Brunton,no_results
Elaine Gaston,no_results
Tim MacGabhann,no_results
Dina Del Bucchia,no_results
Molly Sutton Kiefer,no_results
John F. Buckley,low_confidence
Kate Buckley,no_results
Bradford Bucknum,no_results
Christy Davids,low_confidence
Brad Ricci,no_results
Ariel Beller,no_results
Amanda Chiado,no_results
Iskandar Haggarty,no_results
Jordan Lamp,no_results
Peadar O'Donoghue,no_results
Jose Padua,low_confidence
Liah Paterson,no_results
James Barrett Rodehaver,no_results
Cody Todd,low_confidence
Leslie Bumstead,no_results
R.F. Langley,no_results
Nikki Burian,no_results
Ty Bennett,no_results
Jill Greenseth,no_results
Kevin W. Burke,no_results
Michelle Y. Burke,no_results
Markie Burnhope,no_results
Andrew Brenza,no_results
Lisa Cattrone,no_results
Jenny Drai,no_results
Tracey McTague,no_results
Michael Sikkema,no_results
Shannon Burns,low_confidence
Cheryl Quimba,no_results
Elijah Burrell,no_results
Denton Loving,no_results
Shawna Kay Rodenberg,no_results
Dianne Borsenik,no_results
Rick Bursky,no_results
Cody-Rose Clevidence,no_results
Marisa Crawford,no_results
ctch bssnss,no_results
Catch Business,no_results
Zachary Cosby,no_results
Azia Dupont,no_results
Zooey Ghostly,no_results
Jesse Prado,no_results
Sara Sutterlin,no_results
Christopher Herold,no_results
Raegan Butcher,low_confidence
Garret Schuelke,no_results
Zarah Butcher-McGunnigle,no_results
David Buuck,no_results
Caroline Cabrera,no_results
Leora Fridman,no_results
Louis Cabri,no_results
Gabriel Ojeda-Sague,no_results
Jessica Comola,no_results
Michael Martin Shea,no_results
Kina Viola,no_results
Angela Doll Carlson,no_results
Cameron Alexander Lawrence,no_results
Tania Runyan,no_results
Ife-Chudeni A. Oputa,no_results
Anu Lakhan,no_results
Walker Caplan,no_results
Jesse Capobianco,no_results
Janice Majewski,no_results
Donna Snyder,no_results
Jose Rizal,low_confidence
Macgregor Card,no_results
Jen Fitzgerald,no_results
Michael Flatt,no_results
Kendra Grant Malone,no_results
Laura Marie Marciano,no_results
AA Milne,low_confidence
Devin Kelly,no_results
Eileen Moeller,no_results
A. J. Carruthers,no_results
Catherine Vidler,no_results
J. Mae Barizo,no_results
Mary Lou Buschi,no_results
MK Chavez,no_results
Cal Doyle,no_results
Frances Driscoll,no_results
Stephanie Dugger,no_results
Landon Godfrey,no_results
Kimberly Grey,no_results
Jane Lewty,no_results
Agnes Marton,no_results
Marty McConnell,no_results
Hilda Sheehan,no_results
R.A. Villanueva,no_results
Lucy Wainger,no_results
Tim Craven,no_results
Mark Danowsky,no_results
Doug Paul Case,no_results
Dalton Day,low_confidence
Brad Trumpfheller,no_results
Éireann Lorsung,no_results
Michelle Askin,no_results
Tiffany Denman,no_results
Tiff Dresen,no_results
Kristen Hanlon,no_results
Chase Berggrun,no_results
Joey Connolly,no_results
Nikiforos Vretakkos,no_results
Anthony Cinquepalmi,no_results
Joseph Legaspi,no_results
Peter Longofono,no_results
Jonty Tiplady,no_results
Sir Muhammad Iqbal,low_confidence
Andy Stallings,no_results
Noemi Martinez,low_confidence
Nikki Wallschlaeger,no_results
Aimé Fernand Césaire,low_confidence
Dao Strom,no_results
Sasha Pimentel Chacon,no_results
Corrinne Clegg Hales,no_results
Sara Biggs Chaney,no_results
Ruth Foley,no_results
Geneva Chao,no_results
Catherine Ayres,no_results
Laura Wetherington,no_results
Emerson Whitney,no_results
Phil Metres,no_results
Elisa Chavez,no_results
Shanna Washburn,no_results
J. K. Fowler,no_results
Tomas Moniz,no_results
Lizzie Harris,low_confidence
Kenji Liu,no_results
Cynthia Manick,no_results
Laren McClung,no_results
MRB Chelko,no_results
Dan Chelotti,no_results
Faizal Deen,no_results
Chiwan Choi,no_results
Johannes Göransson,no_results
Deborah Woodard,no_results
Mae Verano,no_results
G. Yamazawa,no_results
Corina Copp,no_results
Austin Rodenbiker,no_results
Christopher DeWeese,no_results
Karin Gottshall,no_results
Monica McClure,no_results
Gale Marie Thompson,no_results
Lisa Ciccarello,no_results
Katie Jean Shinkle,no_results
Thera Webb,no_results
Sarah Clancy,no_results
Robert Hamberger,no_results
Anita Olivia Koester,no_results
Rebecca Morgan Frank,no_results
J. Bruce Fuller,no_results
JP Grasser,no_results
Brent Newsom,no_results
Cindy Hunter Morgan,no_results
Elisabeth Sennitt Clough,no_results
Jemima Foxtrot,no_results
Mike Garry,low_confidence
Gerry Potter,no_results
Thick Richard,no_results
Christopher Clauss,no_results
Sam Teitel,no_results
Shannon Tate Jonas,no_results
AJ Urquidi,no_results
Shihan Van Clief,no_results
Andrew Allport,no_results
Cori A. Winrock,no_results
Siaara Freeman,no_results
Jacqueline Jones LaMon,no_results
Lorraine Henrie Lins,no_results
Cassie Donish,no_results
Erin L. Miller,no_results
Chris Nealon,no_results
Wendy Trevino,no_results
Allison Cobb,no_results
Jen Coleman,no_results
Bryan Coffelt,no_results
Maurice Burford,no_results
JJ Rowan,no_results
Marcia Cohee,no_results
Steve Meagher,no_results
Eric Wayne Dickey,no_results
Caroline Gerardo,no_results
Victor Rodriguez-Nuñez,low_confidence
Todd Colby,no_results
Joanna Penn Cooper,no_results
Charity Coleman,no_results
Claudia F. Savage,no_results
James Ardis,no_results
Brendan Constantine,no_results
Frank O' Hara,no_results
Alisha Erin Hillam,no_results
Kevin Kantor,no_results
Lynn Domina,no_results
Kyle Coma-Thompson,no_results
Lara Glenum,no_results
Daniela Olszewska,no_results
Sara Mumolo,no_results
Danielle LaFrance,low_confidence
Sam Truitt,no_results
Amélie Frank,low_confidence
Eloise Klein Healey,no_results
Juliet Cook,low_confidence
Christopher Bollinger,low_confidence
j/j Hastain,no_results
Jay Snodgrass,no_results
Adam Tedesco,no_results
Melissa Balmain,no_results
Bill Greenwell,no_results
A.M. Juster,no_results
Dorothy Lehane,no_results
Jennifer Copley,no_results
Carole Coates,no_results
Rebecca Farmer,no_results
Sarah Sibley,no_results
Di Slaney,no_results
Gracie Leavitt,no_results
David J. Daniels,no_results
Claudia Cortese,no_results
Jim Cory,no_results
Guy R. Beining,no_results
Karl Tierney,no_results
Jamie Mortara,no_results
Brandon Courtney,low_confidence
Ally Covino,no_results
Peter Covino,no_results
Jill Khoury,no_results
Krista Cox,no_results
Meg Cox,no_results
Jamison Crabtree,no_results
Patrick Ryan Frank,no_results
Ally Sheedy,low_confidence
Mikko Harvey,no_results
Benjamin Clark,low_confidence
Caitlin Maling,no_results
Jake Skeets,no_results
George Looney,no_results
Ara Shirinyan,no_results
Chris Sylvester,no_results
Caolan Madden,no_results
Morrie Creech,no_results
Ruth Lepson,no_results
Sarah Jean Grimm,no_results
SL Mendoza,no_results
Pascal O'Loughlin,no_results
Kiley McLaughlin,no_results
Nicole Wilson,low_confidence
Justine Fitzgerald,no_results
Abigail Welhouse,no_results
Adam Crothers,no_results
Carla Funk,no_results
Karen Rigby,low_confidence
Brenda Mann Hammack,no_results
Shana Youngdahl,no_results
Alex Cuff,no_results
Mark Cugini,no_results
Matthew Burnside,no_results
Amy McDaniel,no_results
Kerrie O'Brien,no_results
John Quinonez,no_results
Jill Stengel,no_results
Tedric Wells,no_results
Purdey Lord Kreiden,no_results
Troy Cunio,no_results
Thomas Fucaloro,no_results
Lydia Havens,no_results
Matador the First,no_results
Cecily Schuler,no_results
Paula Cunningham,no_results
Katy Evans-Bush,no_results
Iris Cushing,no_results
Ali Power,no_results
Brecken Hancock,no_results
Heidi Czerwiec,no_results
Billie Chernicoff,no_results
Ossian Foley,no_results
Kristi Maxwell,no_results
Ki Russell,no_results
Joel Dailey,no_results
Aldon Neilsen,no_results
Kieran Daly,no_results
SaraEve Daly-Fermin,no_results
SaraEve Fermin,no_results
Alex Dang,no_results
Dante Douglas,no_results
Brian Fanelli,no_results
Andrew Rihn,no_results
Jennifer Sweeney,no_results
Holly Corfield Carr,no_results
S.J. Fowler,no_results
Kristina Marie Darling,no_results
Lynne Dreyer,no_results
Lightsey Darst,no_results
Sarah Goldstein,low_confidence
Bryant H. McGill,no_results
Amir Rabiyah,no_results
Danielle Boodhoo-Fortuné,no_results
Rishi Dastidar,no_results
Edward Doegar,no_results
Ted Lardner,no_results
Crossley Simmons,no_results
Greg Fraser,no_results
Cally Conan Davies,no_results
Deanna Ferguson,no_results
Dorothy Trujillo Lusk,no_results
Jacqueline Waters,no_results
Kelly Davio,no_results
Amy Leigh Davis,no_results
Isabelle Davis,no_results
Nina Puro,no_results
Safi Niara,no_results
Nicelle Davis,no_results
Kimberly Lambright,no_results
Katie Schmid,no_results
Kilby Smith-McGregor,no_results
Jennifer Tamayo,no_results
Zack Linly,no_results
Ed Mabrey,no_results
Gypsy Yo,no_results
Ajanae Dawkins,no_results
Juliana Gray,low_confidence
Lesley Jenike,no_results
Jeff Hipsher,no_results
Robin LaMer Rahija,no_results
Cassandra de Alba,no_results
Chad Redden,no_results
Sara June Woods,no_results
Joshua Merchant,no_results
Jennifer Perrine,no_results
Sophia Holtz,no_results
Rachel Sahlein,no_results
Michael Mlekoday,no_results
B Deep,low_confidence
Cara Dees,no_results
Katie Degentesh,no_results
Sierra Demulder,no_results
Emma Givens,no_results
Adam Henze,no_results
Leah Noble-Davidson,no_results
Michael Nardone,low_confidence
Sass Brown,no_results
Dorinda Wegener,no_results
Nicholas Gulig,no_results
Caitie Moore,no_results
Sabah Zwein,no_results
Joshua Trotter,no_results
Wonder Dave,no_results
Houston Hughes,no_results
Tiffany Higgins,no_results
Joanne Diaz,no_results
Katy Didden,no_results
Dylan Brennan,no_results
Lucian Mattison,no_results
Jacob Rakovan,no_results
Carlo Dickinson,no_results
Lauren Gordon,no_results
Austin Hummell,no_results
Cia Reinne,no_results
Mandy L. Rose,no_results
Steve Dickison,no_results
Maya Hersh,no_results
Levi Rubeck,no_results
Kit Schluter,no_results
Adriane Tharp,no_results
Aidan Forster,no_results
Abigail Beckel,no_results
Leigh Ann DiDomenico,no_results
Tre G.,no_results
Craig Moreau,no_results
Robert Siek,no_results
Christopher McCurry,no_results
Nicholas Samaras,low_confidence
Linda Besner,no_results
Rosemary Badcoe,no_results
Caron Freeborn,no_results
Jon Tribble,no_results
Michele Poulos,no_results
Christina Stoddard,no_results
Thomas McCarthy,low_confidence
Amaan Hyder,no_results
Young Smith,no_results
Mitchell L. H. Douglas,no_results
Katharine Johnsen,no_results
Sandra MacPherson,no_results
Morgan Downie,no_results
Jon Plunkett,no_results
Reuben Woolley,no_results
Daragh Breen,no_results
Frankie Drayus,no_results
Greg Sellers,no_results
Lindsay Lusby,no_results
Joe Duggan,no_results
Aoife Mannix,no_results
Dustin Brookshire,no_results
Amina Chinnell-Mateen,no_results
Gunnar Ekelof,low_confidence
Laura Elrick,no_results
Dakota Garilli,no_results
Karen Paul Holmes,no_results
Barbara Nightingale,no_results
Phinder Dulai,no_results
Rajinderpal S. Pal,no_results
M. A. Vizsolyi,no_results
Jawanza Dumisani,no_results
Margaret Konkol,no_results
Camille T. Dungy,low_confidence
Bethany Schultz Hurst,no_results
C. M. Keehl,no_results
Karen Weiser,no_results
Iggy McGovern,no_results
Teneice Durrant,no_results
Stacia M. Fleegal,no_results
Ryler Dustin,no_results
Zoe Dzunko,no_results
Lucy Tiven,no_results
Cean Gamalinda,no_results
Amanda Earl,low_confidence
Christopher Violet Eaton,no_results
Kirk Keen,no_results
Goody Powder,no_results
Shelly Taylor,no_results
Tim VanDyke,no_results
Joshua Ware,no_results
C. Violet Eaton,no_results
Jeffrey Pethybridge,no_results
Hailey Higdon,no_results
Jonathan Samuel Eddie,no_results
Mista Funn,no_results
Nate Mask,no_results
Chiara Richardson,no_results
Brett Ortler,no_results
Rob Halpern,no_results
Lynnell Edwards,no_results
Kathleen Driskell,no_results
Logen Cure,no_results
Staci Schoenfeld,no_results
Brad Efford,no_results
Eve Strillacci,no_results
Marilyn L. Taylor,no_results
Kathrine Varnes,no_results
Kimberly Ann Southwick,no_results
Dan Eggs,no_results
Carol Batton,no_results
Brad Vogler,no_results
Neil Elder,no_results
Dominique Chistina,no_results
Deonte Osayande,no_results
DJ Renegade,no_results
A.M. O'Malley,low_confidence
Brooke Ellsworth,no_results
Tiffany Gibert,no_results
Justin Sherwood,no_results
Mary Peelen,no_results
Brandon Kreitler,no_results
Jessica Goodfellow,no_results
Meghann Plunkett,no_results
Bonafide Rojas,no_results
Fisayo Adeyeye,no_results
M Kitchell,no_results
Ben Estes,no_results
Melissa Newman Evans,no_results
Kallie Falandays,no_results
Oliva Cronk,no_results
Ava Goga,no_results
Jay Ritchie,low_confidence
Laura Theobald,no_results
UA Fanthorpe,no_results
Nisha Ramayya,no_results
Faiz  Ahmed Faiz,no_results
Bill Luoma,no_results
Mariam Alattar,no_results
Lois P. Jones,no_results
Mark Francis Johnson,no_results
Andy Martrich,no_results
John Paetsch,no_results
Angelo V. Suárez,low_confidence
Rico Fdk,no_results
Geoff Kagan Trenchard,no_results
Thiahera Nurse,no_results
Ralph Adamo,no_results
Peter Cherches,no_results
Phyllis Klein,low_confidence
Gary Ligi,no_results
Klipschutz (Kurt Lipschutz),no_results
Ann Menebroker,no_results
Greg Santos,no_results
David Shevin,no_results
Laurel Speer,no_results
J.T. Whitehead,no_results
SaraEve Daly Fermin,no_results
Eva Saavedra,no_results
Adam Fieled,no_results
Luke Wight,no_results
Sam Rush,low_confidence
Eustace McNally,no_results
Iris Applequist,no_results
Ryder Collins,no_results
Kia Alice Groom,no_results
Avery M Guess,no_results
Stephanie Kaylor,no_results
Cindy Lamothe,no_results
Shali Nicholas,no_results
Makayla Shadae,no_results
Joanna C. Valente,no_results
Violet Wild,low_confidence
B. K. Fischer,no_results
Steven Hitchins,no_results
Cliff Yates,no_results
Marguerite Maria Rivas,no_results
Imogen Cassels,no_results
Sasha Fletcher,no_results
Dillon J. Welch,no_results
Amy Fleury,no_results
Sean Shearer,no_results
John Foggin,no_results
Keith Hutson,no_results
Fox Frazier Foley,no_results
Satchel Foley,no_results
Alisha Yi,no_results
M.K. Foster,no_results
Kelly Forsythe,no_results
Scott Wordsman,no_results
Kate Fadick,no_results
Jenn Givhan,no_results
Steven Sanchez,low_confidence
Lauren Elma Frament,no_results
Laurie Kolp,no_results
Wesley Frazier-Keys,no_results
Von Bellows,no_results
Pages Matam,no_results
Timothy DuWhite,no_results
Nkechi Edeh,no_results
Natasha T. Miller,no_results
Giddy Perez,no_results
Cynthia French,no_results
Tessa Micaela Landreau-Grasmuck,no_results
Kelin Loe,no_results
Celestine Frost,no_results
Kelly E. Sullivan,no_results
Joshua Kryah,no_results
Krosswordz,no_results
B. Yung,no_results
Benjamin Harnett,no_results
Kristen Gallagher,no_results
Aaron Winslow,low_confidence
Gina Abelkop,no_results
Alexis Almeida,no_results
Leanna Petronella,no_results
Lynn Ungar,no_results
Anna Lowe Weber,no_results
Luke Thompson,low_confidence
Lisa Galloway,no_results
Megan M. Garr,no_results
Majda Gama,no_results
Amy Pickworth,no_results
Jaime Saenz,low_confidence
Peter Ganick,no_results
Mark Lamoureux,no_results
Bill Lessard,no_results
Orlando Menes,no_results
Albert Rios,no_results
Portia Elan,no_results
Melanie Branton,no_results
Stef Mo,low_confidence
Dan Simpson,no_results
Tim Vosper,no_results
Kitty Coles,no_results
Cassandra Troyan,no_results
Doc Luben,no_results
Leyna Rynearson,no_results
Kait Rokowski,no_results
Curtis Bauer,no_results
Kerrin McCadden,no_results
Steve Scafidi,no_results
Sorin Ghergut,low_confidence
Sarah Ghoshal,no_results
Natalie Giarratano,no_results
Beth Marzoni,no_results
Katie Wirsing,no_results
Kc Itohan,no_results
Rin(don) Johnson,no_results
John Rufo,no_results
Miguel Murphy,no_results
Jason Carney,no_results
Ryan McLellan,no_results
Carlos Robson,low_confidence
Marc Nasdor,no_results
Yosef Gikatilla,no_results
Tamiano Gurr,no_results
Tui Scanlan,no_results
Serena Ngaio Simmons,no_results
Emer Gillespie,no_results
Yao Glover,no_results
Aaron DeLee,no_results
Luis Neer,no_results
Jay Sizemore,no_results
Aaron Giovannone,no_results
Joseph Lease,no_results
Kate Glavin,no_results
Bob Sykora,no_results
Jenny George,no_results
Bruce Boone,no_results
Holly Iglesias,no_results
Carlos Andres Gomez,low_confidence
Adam Crittenden,no_results
Lynn Behrendt,no_results
K. Lorraine Graham,no_results
Michael Ives,no_results
Penny Goring,no_results
Christine Gosnay,no_results
John Gosslee,no_results
T.M. Gottl,no_results
Theresa Göttl Brightman,no_results
Aimee Herman,no_results
Jane Ormerod,no_results
Michalle Gould,no_results
Brookes Moody,no_results
A. Leylâ Hess,no_results
Caroline  Klocksiem,no_results
Wanda O'Connor,no_results
Carleen Tibbetts,no_results
Laurie D. Graham,no_results
W S Graham,no_results
W.S. Graham,no_results
Mason Granger,no_results
Keith O'Shaughnessy,no_results
Jackie Hagan,no_results
Gretchen Marquette,no_results
Sonia Greenfield,no_results
Heidi Willianson,no_results
Carrie Olivia Adams,no_results
Alina Gregorian,no_results
Joel Gregory,low_confidence
George Perec,no_results
Daniel Simko,low_confidence
Thom Dawkins,no_results
Endi Bogue Hartigan,no_results
Rosie Shepperd,no_results
Adrienne Gruber,no_results
Susan Grimm,low_confidence
Dixie Bellamy,no_results
Izetta Thomas,no_results
Jorge Guinhieme,no_results
Sørina Higgins,no_results
Helen Guri,no_results
Camille Guthrie,no_results
Meg Hurtado Bloom,no_results
Carrie Jerrell,no_results
Zack Haber,no_results
Lindsey Boldt,no_results
Tom Comitta,no_results
Ellen Goldberg,no_results
Ellen Hagan,low_confidence
Breda Wall Ryan,no_results
B. Diehl,no_results
Lucas David James,no_results
Leah Soeiro-Nentis,no_results
Isabel Sobral Campos,no_results
Julie Feng,no_results
Marilyn Dumount,no_results
Orval Lund,no_results
Claire Bateman,no_results
Mark Hoodwin,no_results
Jessica Bozek,no_results
Adam Hamze,no_results
Mel Nichols,no_results
Jasmine Cui,no_results
Eileen Huang,no_results
Trivarna Hariharan,no_results
Joanna Cleary,no_results
Devreaux Baker,no_results
Margaret Hoehn,no_results
Natalie Toledo,no_results
Karin Lessing,no_results
Adriana Cloud,no_results
Kimmy Beach,no_results
Hiwot Adilow,no_results
Lauren Brazeal,no_results
Emily Harrison,low_confidence
Cole Heinowitz,no_results
Russell Dillon,no_results
Nate Slawson,no_results
Eamonn Wall,low_confidence
PP Hartnett,no_results
Andew McMillan,no_results
Cati Porter,no_results
Chris Petruccelli,no_results
Geoff Hattersley,no_results
Jen Stein Hauptmann,no_results
Mike Hauser,no_results
Leif Haven,no_results
Jared Joseph,low_confidence
Noah Jung,no_results
Dorothy McGinnis,no_results
Shane Hawley,no_results
Elizabeth Hirschfield,no_results
Timothy Thornton,low_confidence
Cheryl Pearson,no_results
Anne-Marie Thompson,no_results
Rory Motion,no_results
Ingrid Ruthig,no_results
Stefania Heim,no_results
Gillian Olivia Blythe Hamel,no_results
Jon Stale Ritland,low_confidence
Carolyn Hembree,no_results
Sara Slaughter,no_results
Kevin Simmonds,no_results
"Tim ""Toaster"" Henderson",no_results
Brennan DeFrisco,no_results
Faith Shearin,no_results
Darren C. Demaree,no_results
Jacqui Rowe,no_results
Kori Hensell,no_results
James L. Dickey,no_results
Tavis Brunson,no_results
Asia Samson,no_results
Lizz Straight,no_results
Tim Z Hernandez,no_results
Bob Hershon,no_results
Amorak Huey,no_results
Dave Lordan,no_results
Tammy Ho Lai Ming,no_results
Alan Gilis,no_results
Blake Wallin,no_results
Kay Cosgrove,no_results
Judyth Hill,no_results
Krysten Hill,no_results
Suzanne Batty,no_results
Shari Wagner,no_results
Alane Rollings,no_results
Dennis Hinrichsen,no_results
Kristen McHenry,no_results
Carolyn Jesse-Cooke,no_results
Kasey Jueds,no_results
Hideko Sueoka,no_results
Miles Hodges,no_results
Benjamin Dodds,no_results
Patrick Durgin,no_results
JL Conrad,no_results
Nathan Hoks,no_results
Sara Holbrook,no_results
Camellia Stafford,no_results
Kelly Schirmann,no_results
Monica Berlin,no_results
Jim Caruth,low_confidence
Gabe Kruis,no_results
Bridget Talone,no_results
James Harms,no_results
Esther McPhee,no_results
July Westhale,no_results
Kate Noakes,no_results
Gary Copeland Lilley,no_results
Melissa Dickey,no_results
Julie E. Bloemeke,no_results
Kristin Robertson,no_results
Iva Ticic,no_results
Sarah Mangold,no_results
Michelle Taransky,no_results
Savannah Sipple,no_results
Jon Leon,no_results
Casey Thayer,no_results
Janeen Rastall,no_results
Metta Sama,no_results
Steve Ely,no_results
Jeff Newberry,low_confidence
William E. Stafford,no_results
Gina Keicher,no_results
Lissa Kiernan,no_results
Emily Rose Cole,no_results
Welton Kees,no_results
Mark Yakich,low_confidence
Seth Landman,no_results
Adjua Gargi Nzinga Greaves,no_results
Miranda Pearson,no_results
Allison Pitinii Davis,no_results
Thodora Goss,no_results
Annette Marie Smith,no_results
Elizabeth Iannaci,no_results
Luisa A. Igloria,no_results
Lynne Desilva-johnson,no_results
Homero Pumarol,no_results
Adebiyi Olusolape,no_results
Fida Islaih,no_results
Hiromi Ito,low_confidence
Laura A. Warman,no_results
Reek Bell,no_results
Morgaine Merch Lleuad,no_results
Lydia Towsey,no_results
Rena Minegishi,no_results
Emily Izsak,no_results
David Peter Clark,no_results
Michael Nemchick,no_results
Julia Guez,no_results
Dominic Owen Mallary,no_results
Jennifer-Leigh Oprihory,no_results
Lacey Roop,no_results
Ebony Stewart,no_results
Gray Brian Thomas,no_results
Melanie Janisse,no_results
Sarah Sarai,no_results
TJ Jarrett,no_results
Brett Elizabeth Jenkins-Braun,no_results
A. H. Jerriod,no_results
Maureen Jivana,no_results
Ariana Den Bleyker,no_results
Allie Marini,no_results
Ivy Johnson,no_results
Jiv Johnson,no_results
Aidan Ziliak,no_results
Marci Rae Johnson,no_results
Phil Cordelli,no_results
Susannah Nevison,no_results
Kavindu Jointe,no_results
Matt Blesse,no_results
Joane Burns,no_results
Susan Blackwell Ramsey,no_results
Lee Knight Jr.,no_results
Anastacia Renee Tolbert,no_results
Candace Williams,low_confidence
Josh Kalscheur,no_results
Devon Branca,no_results
Rose Lemberg,low_confidence
Malena Morling,low_confidence
Bianca Phipps,no_results
Anne Marie Rooney,no_results
Kate Schapira,no_results
Kim Rosenfield,no_results
Gretchen Carvajal,no_results
Sean Karns,no_results
Ryan Teitman,no_results
Jocelyn Saidenberg,no_results
Eric Bliman,no_results
Matt McBride,low_confidence
Donna Vorreyer,no_results
Che Elias,low_confidence
Dana Killmeyer,no_results
Anna Kreienberg,no_results
Collin Kelley,no_results
Matthew Welton,no_results
Brittany Perham,no_results
Matina Stamatakis,no_results
Adam Schonbrun,no_results
Margaret Reges,no_results
Gram Joel Davies,no_results
Maddie Kim,no_results
Oriana Tang,no_results
Patrick Whitfill,no_results
Kelly Cressio-Moeller,no_results
Staci R. Schoenfeld,no_results
Valerie Solanis,no_results
Dave Caserio,no_results
George Bataille,low_confidence
Tyler Kline,no_results
Millicent A.A. Graham,no_results
Bill Campana,no_results
Paul Mariah,no_results
Robert Schreur,no_results
Kirby Knowlton,no_results
Ian Burnette,no_results
Briony Gylgayton,no_results
Gahl Liberzon,no_results
Maureen Thorson,no_results
Laura Kochman,no_results
Katie Berger,no_results
Anne Bretell,no_results
Leia Penina Wilson,no_results
Dorothea Laskey,no_results
Brian McGackin,no_results
Miroslav Antić,low_confidence
Nicole Terez Dutton,no_results
Shiv Kotecha,no_results
Andy Sterling,no_results
Andrew Kozma,no_results
Rochelle Kraut,no_results
Mayalen Bossy,no_results
Timothy P.A Cooper,no_results
John Eicher,no_results
Dominik Emrich,no_results
Louie Morales,no_results
Michael Thomas Taren,no_results
Bold Testament Toothtooth Team,no_results
Cindy Bosley,no_results
Shūzō Kuki,low_confidence
Nikki Reimer,no_results
Maxine W. Kumin,no_results
Erin Stoodley,no_results
Pat Daneman,no_results
Derek Fenner,no_results
Jessica Fjeld,no_results
Geraldine Kim,no_results
Kate Litterer,no_results
Darla Biel,no_results
Gillian Cummings,no_results
KMA Sullivan,no_results
Loria Taylor,no_results
Amy Lawless,no_results
Noh Anothai,no_results
Miko Berry,no_results
Tom Denbigh,no_results
Malaika Kegode,no_results
Danny Pandolfi,no_results
Sven Stears,no_results
Mary Virginia Micka,no_results
Savon Bartley,no_results
Jason Henry Simon-Bierenbaum,no_results
Kat Peddie,no_results
Quincy Lehr,no_results
Leigh Anne Hornfeldt,no_results
Emily Leithauser,no_results
Chris Leja,no_results
Miranda Field,no_results
Regan Good,no_results
Katie Johntz,no_results
Kate Light,low_confidence
April Lindner,no_results
Madeline Millan,low_confidence
Katrinka Moore,no_results
Elizabeth Poreba,no_results
Greg Masters,no_results
Joel Sloman,no_results
Daniel Romo.,no_results
Maged Zaher,no_results
Tony Mancus,no_results
Emji Spero,low_confidence
M. L. Smoker,no_results
Joe E. Weil,no_results
Jim Hanson,low_confidence
John Pursley III,no_results
Arian Katsimbras,no_results
Patric Nuttall,no_results
Joshua Robbins,low_confidence
Daniel Sluman,no_results
HR Hegnauer,no_results
Julie Patton,no_results
Gareth Reeves,low_confidence
Sarah Lilius,no_results
Sarah Ann Winn,no_results
Sade Murphy,no_results
Trey Pharis,no_results
Sarah Lindsay,low_confidence
Amy Small-McKinney,no_results
Ed Mycue,no_results
Francesca Lisette,no_results
Kim Gek Lin Short,no_results
Sheila Templeton,no_results
Ben Mirov,no_results
Warren Longmire,no_results
Kirwyn Sutherland,no_results
Annette Hakiel,no_results
Emily Toder,no_results
Ben Borek,no_results
Eric Linsker,no_results
Jenni B. Baker,no_results
Taylor Jacob Pate,no_results
Meg Ronan,no_results
Kay Lovelace,no_results
Gregory Leadbetter,no_results
Jesse Graves,low_confidence
Gareth Durasow,no_results
Larissa Pienkowski,no_results
Noel Quinones,low_confidence
Gabriel Ramirez,low_confidence
Tatiana Luboviski-Acosta,no_results
Elana Chavez,no_results
Francois Luong,no_results
Beverly Rollwagen,no_results
Remi Kenazi,no_results
Kerry Trautman,no_results
Chelsea Dingman,no_results
Lynne Knight,no_results
Conor Mc Donnell,no_results
Jessie Janeshek,no_results
Matthew Yeager,low_confidence
Minadora Macheret,no_results
Robyn Bateman,no_results
Meg Waldron,no_results
R. C. Weslowski,no_results
Elizabeth Hewer,no_results
Darshana Suresh,no_results
Steffi Drewes,no_results
Penelope Pelizzon,no_results
Stephen Malmude,no_results
Amelia Rodrigues,low_confidence
Liv  Mammone,no_results
Kelvin Corcoran,no_results
Kathleen Brewin Lewis,no_results
Gabby Bess,no_results
Volodymyr Bilyk,no_results
Keith Higginbotham,no_results
Rachel Hyman,no_results
Angelo Ligori,no_results
OG Master Splinter,no_results
Leah Paré Stern,no_results
Nigel Tomm,no_results
Logan K. Young,no_results
Tom Watner,no_results
Filip Marinovich,no_results
Robin Ekiss,no_results
Sara Renee Marshall,no_results
G.E. Patterson,no_results
Meg Tuite,no_results
Kenzie Allen,no_results
Jon Woodward,no_results
Lorna Smedman,no_results
Fortesa Latifi,no_results
Lora Mathis,no_results
Yena Sharma Purmasir,no_results
Ashe Vernon,no_results
Jan LaPerle,no_results
Matt Mauch,no_results
Rich Boucher,no_results
Hastings Hensel,no_results
Fina Garcia Marruz,low_confidence
J.G. McClure,no_results
Katherine Gibbel,no_results
Sara Brickman,no_results
Rupi Karr,no_results
Andi Kauth,no_results
John McCullogh,no_results
Tina Andry,no_results
Bianca Bargo,no_results
Jay McCoy,no_results
Katerina Stoykova-Klemer,low_confidence
Jeffery McDaniel,no_results
Paul Suntup,no_results
Eva Hd,no_results
Lilah Hegnauer,no_results
Maya Zeller,no_results
Sibyl Ruth,no_results
Carey McHugh,no_results
Mat Laporte,no_results
Matt Borczon,no_results
Jeanann Verlee,no_results
Rose McLarney,no_results
Kevin McLellan,no_results
Max Wallis,low_confidence
Daniel Piper,low_confidence
Cecilia Corrigan,low_confidence
Kathleen Jesme,no_results
Kelli Anne Noftle,no_results
Jasmine Dreame Wagner,no_results
Hannah Notess,no_results
Kiely Sweatt,no_results
Rachel Menn,no_results
Robert Andrew Perez,no_results
C. S. Carrier,no_results
David Hornibrook,no_results
Emily Paige Wilson,no_results
Shawna Lemay,no_results
Ruth Wiggins,no_results
Carolann Madden,no_results
Erin Rodoni,no_results
Jamie Townsend,no_results
Adele Ward,low_confidence
Zein El-Amine,no_results
Aimee Suzara,no_results
Carina Finn,no_results
Lucia Misch,no_results
Elaine Levia,no_results
Dmitri Miticov,no_results
Jonah Mixon-Webster,no_results
Kateri Lanthier,no_results
Richard Modiano,no_results
Terry Kirts,no_results
Gregg Shapiro,no_results
Ellen McGrath Smith,no_results
Alison Taverna,no_results
Daniel Nathan Terry,no_results
Katie Foster,low_confidence
Sara Jane Stoner,no_results
Mark Antony Owen,no_results
Bill Moran,low_confidence
Nico Alvarado,low_confidence
Deborah Alma,no_results
Kelly Hansen Maher,no_results
Sachiko Murikami,no_results
Elaine Sexton,no_results
Abby E. Murray,no_results
Laurie Anne Fuhr,no_results
Michael Myerhofer,no_results
Alicia Rebecca Myers,no_results
Amber Nelson,low_confidence
Linnea Brett,no_results
Tenney Nathanson,no_results
Alexandra Naughton,no_results
Isobel O'Hare,no_results
Beach Sloth,no_results
Janey Smith,no_results
Francesca Kritikos,no_results
Emily Sipiora,no_results
Sandy Coomer,no_results
Sarah Sgro,no_results
Maram Al-Massri,no_results
Cynie Cory,no_results
Christina Olson,low_confidence
Carley Moore,no_results
Jasmin Nicole,no_results
Marquis Wright-Lee,no_results
Kiki Nicole,no_results
Caryl Pagel,no_results
Harriet Tarlo,no_results
Robert Duncan Gray,low_confidence
Trace DePass,no_results
Khadijah Johnson,no_results
Hannah Sawyerr,no_results
Alden Nolan,no_results
Nicole Oquendo,no_results
Ingrid Goff-Maidoff,no_results
Stephanie Cawley,no_results
D. Nurkse,no_results
Selina Nwulu,no_results
Patrick Kindig,no_results
Roberto Harrison,no_results
Michelle A. Ladwig,no_results
Page Quiñones,no_results
April Ranger,no_results
Brittney Scott,low_confidence
Benedicto Figueroa,no_results
Sean Van Kleeff,no_results
Ann Marie Manso,no_results
Mark Skrzypczak,no_results
Kathy Stout,no_results
Thomas VanCott,low_confidence
Rashad Wright,low_confidence
Orooj-e-Zafar,no_results
Kristen Orser,no_results
Kat Dixon,no_results
Shante Cozier,no_results
Omari Barksdale,no_results
Khaya Osborne,no_results
Kush Thompson,no_results
Wayne Chambliss,no_results
Scott Thomas Outlar,no_results
Seth Jani,no_results
Blake Lee Pate,no_results
Jesse Parent,no_results
David O'Hanlon,no_results
Pamela Johnson Parker,no_results
Chad Parmenter,no_results
Nick Neely,no_results
Sunni Patterson,no_results
"Tarriona ""Tank"" Ball",no_results
Akeem Olaj,low_confidence
Megan Peak,no_results
Elijah Pearson,no_results
Lynn Pedersen,no_results
Jaimee Hills,no_results
Urayoan Noel,low_confidence
Dennis Amadeus,no_results
Bee Walsh,no_results
Holly Pester,no_results
Charles Borkhuis,no_results
Micha Cardenas,low_confidence
Jordan Rice,low_confidence
Jessica Rogers,low_confidence
Charles Theonia,no_results
Luci Brown,no_results
Aliah Lavonne Tigh,no_results
Marielle Prince,no_results
Chris Pusateri,no_results
Claire DeVoogd,no_results
Meg Freitag,no_results
M.J. Tenerelli,no_results
Omar ZahZah,no_results
Alina Pleskova,no_results
Jessica Poli,low_confidence
J. D. Scott,no_results
Rob Carney,no_results
Dan Poppick,no_results
Alessandro Porco,no_results
AJ McKenna,no_results
Frances Presley,no_results
Dolly Turing,no_results
Arlen Riley Wilson,no_results
Corey Zeller,no_results
Jynne Dilling Martin,no_results
D.S. Marriot,no_results
Jerri Blank,no_results
Meghan Purvis,no_results
Ashaki M. Jackson,no_results
Carolyn Orosz,no_results
Da Bold Testament Toothtooth Team,no_results
Clementine Von Radics,no_results
Brenna Twohy,no_results
Anson Gonzales,no_results
Prudence Chamberlain,no_results
Jesse Welch,no_results
Johnny Damm,no_results
Sarah Sloat,no_results
Megan Snyder-Camp,no_results
Milton Bates,no_results
Natalie Peart,no_results
Chris Redmond,no_results
Linette Reeman,no_results
Mayalen Bossy-Pleuton,no_results
Michael Thomas Taren Lord Salamun Kreiden,no_results
Purdey Lord Kreiden Thomas Salamun Taren,no_results
Jennifer Stella,low_confidence
Amber Rambharose,no_results
SF Glassmeyer,no_results
Diane Kendig,no_results
Jessica Joy Hiemstra,no_results
Susie Berg,no_results
Kelly Norah Drukker,no_results
Donald Mace Williams,no_results
Tammy Robacker,no_results
Jessica Laser,no_results
Connie Scozzaro,no_results
Ruby Robinson,no_results
Boris Bluz Rogers,no_results
Alli Simone Defeo,no_results
Rich Villar,no_results
Alan Ahlberg,no_results
Tracy Jeanne Rosenthal,low_confidence
Beau Rice,no_results
Amy Quan Berry,no_results
Phyllis Janowitz,no_results
Dag Straumsvag,no_results
Rachel Rostad,no_results
Stephen Monney,no_results
Sam Roxas-Chua,no_results
Lisa Allen Ortiz,no_results
Danielle Wheeler,no_results
John Maradik,no_results
Kayla Wheeler,no_results
Christopher Rey Pérez,no_results
Jaclyn Sadicario,no_results
Brown Sanders,no_results
Rachel Zolfe,no_results
Jacob Winterstein,no_results
Amy Elisabeth Hansen,no_results
Jenn Nunes,no_results
LeRoy Gorman,no_results
Jordan Stempelman,no_results
Trevor Ketner,no_results
Megan Volpert,no_results
Denise Chávez,low_confidence
Caylin Capra-Thomas,no_results
Jeff Whitney,no_results
Brenda Schmidt,low_confidence
Yuki Hartman,no_results
M. Brett Gaffney,no_results
Michael Scholnick,no_results
Trey Jordan Harris,no_results
Simon Pettet,no_results
Omar Holman,no_results
Christine Swint,no_results
Tara Shea Burke,no_results
Anthony Seidman,no_results
Anna Selby,no_results
Mista Lawnge,no_results
Toney Jackson,no_results
Nadia Alexis,no_results
Amy Strauss Friedman,no_results
Sasha Banks,low_confidence
Tafisha A. Edwards,no_results
Mira Rosenthal,low_confidence
River Wolton,no_results
Steve Komarnyckyj,no_results
Lucas Farrell,no_results
Caitlyn Siehl,no_results
Reggie Cabico,no_results
Maria Peeples,no_results
Jennifer Tynes,no_results
Robin Silbergleid,no_results
Aaron Silverberg,no_results
Virginia Smith Rice,no_results
Aleksandar Ristovic,low_confidence
Neil Simmers,no_results
Nancy Charley,no_results
Eric Sirota,no_results
Lissa Wolsak,no_results
Sarah Xerta,no_results
Julie Henson,no_results
SaraEve Louis-Fermin,no_results
Lauren Goodwin Slaughter,no_results
Oscar D'artois,no_results
Sarah Gzemski,no_results
Sarah Frances Moran,no_results
Julie Brooks Barbour,no_results
Chelsea Hodson,no_results
Vanessa Norton,no_results
Al Macginnis,no_results
Billy Tuggle,no_results
Yolanda Franklin,no_results
Frederick Smock,no_results
Janice D. Soderling,no_results
Michael Cantor,low_confidence
Oki Sogumi,no_results
Don Wentworth,no_results
Amy McCauley,no_results
Emeniano Somoza,no_results
Emma Sovich,no_results
Joseph Spece,no_results
Stephanie Adams-Santos,no_results
Stuart Calton,no_results
Emily Hasler,no_results
Joel Chmara,no_results
Robb Telfer,no_results
Jonny Veach,no_results
Dana Lomax,no_results
Geraldine Clarkson,no_results
Cheryl Snell,no_results
Lina Ramona Vitkauskas,no_results
Jonathon Wilcke,no_results
Linda Stitt,no_results
"Steven ""Seething"" Wells",no_results
Benjamin Nardolilli,no_results
Lindsay Stone,no_results
Gabe Moses,no_results
Karla Kelsey,no_results
EC Crandall,no_results
Karen Lepri,no_results
Helli Fang,no_results
Muss Okwonga,no_results
Kevin Patrick Sullivan,low_confidence
NIck Gettino,no_results
Derick Mattern,no_results
Kasey Erin Phifer-Byrne,no_results
Jaya Stenquist,no_results
Molly Bashaw,no_results
Michelle S. Reed,no_results
Steven Teref,no_results
Michal Leibowitz,no_results
Arlene Biala,no_results
Paul-Victor Winters,no_results
Ashley Farmer,low_confidence
Tessa Withorn,no_results
Arlo Brooks,no_results
Amanda Dissinger,no_results
Stacey Teague,no_results
Evelyn Reilly,no_results
The Repeat Beat Poet,no_results
Chauncey Beaty,no_results
Ainslie Moss,no_results
Jan David Madsen,no_results
Jay Leeming,no_results
Rodney Decroo,no_results
Anita Lahey,no_results
Jenna Cardinale,no_results
Mike Wallace-Hadrill,no_results
Eva Maria Saavedra,no_results
D. H. Tracy,no_results
Jimmie Cumbie,no_results
Annah Anti-Palindrome,no_results
Rebekah Edwards,no_results
Nico Peck,no_results
David Herrstrom,no_results
Goran Sonnevi,low_confidence
Athena Kildegaard,no_results
Rupert Estanislao,no_results
Emily Kagan Trenchard,no_results
Perie Longo,no_results
Leigh Kotsilidis,no_results
Sandy MacDonald Jones,no_results
Beth McDonough,low_confidence
Mark Spencer Turner,low_confidence
Melanie George Decelles,no_results
Rik Vasquez,no_results
Liz Axelrod,no_results
Jake Berry,low_confidence
Alexander Velky,low_confidence
Chris Vitiello,no_results
Cara Benson,no_results
Angela Voras-Hills,no_results
Aaron Apps,no_results
Jonathan Jacob Moore,no_results
Isaac Pressnell,no_results
Rona Wang,no_results
Melissa O. Fuller,no_results
Eda Tse,no_results
Ken L. Walker,no_results
Drucilla Wall,no_results
Gina Franco,no_results
Ted Dodson,no_results
Kathryn L. Pringle,no_results
Jessica B. Weisenfels,no_results
Michele Linfante,no_results
Thomas Alan Orr,no_results
Anthony Cappo,no_results
Natalie N. Caro,no_results
Michael A. Wells,no_results
Nessie Dunsmuir,no_results
Robert Alan Wendeborn,no_results
Kristen Stone,low_confidence
Jim Whiteside,low_confidence
Sean Prentiss,no_results
Aran Donovan,no_results
Danielle Jones-Pruett,no_results
Gill Nicholson,no_results
Jordan Windholz,no_results
Jamarr Hall,no_results
Kimmika Williams-Wetherspoon,no_results
Jules Wood,no_results
Anthony McPherson,no_results
Barbara Fant,low_confidence
Lauren Ireland,no_results
Rebecca Hoogs,no_results
Nathaniel Perry,low_confidence
James Eret,no_results
Cali Xuseen Xirsi,no_results
M.G. Martin,no_results
Justin Limoli,no_results
Nico Wilkinson,no_results
Gary J. Whitehead,no_results
Feng Sun Chen,no_results
Zareen Zahra Zeero,no_results
Andriniki Mattis,no_results
Pam Zinnemann-Hope,no_results
Agnieszka Studzinska,no_results
Jenn Marie Nunes,no_results
